{"cameraMode":{"drawMode":0,"name":"Shaded","section":"Shading Mode"},"sceneLighting":true,"audioPlay":false,"sceneViewState":{"showFog":true,"showMaterialUpdate":true,"showSkybox":true,"showFlares":true,"showImageEffects":true,"showParticleSystems":true},"in2DMode":false,"pivot":{"x":4.304017066955566,"y":1.033194661140442,"z":-0.3579326868057251},"rotation":{"x":0.008999836631119252,"y":0.0030005150474607946,"z":-0.000026850046197068878,"w":0.9999549984931946},"size":6.018615245819092,"orthographic":true}