{"cameraMode":{"drawMode":0,"name":"Shaded","section":"Shading Mode"},"sceneLighting":false,"audioPlay":false,"sceneViewState":{"showFog":true,"showMaterialUpdate":false,"showSkybox":true,"showFlares":true,"showImageEffects":true,"showParticleSystems":true},"in2DMode":false,"pivot":{"x":0.1445247381925583,"y":-0.04235170781612396,"z":-0.010203510522842408},"rotation":{"x":0.2946352958679199,"y":0.001025065197609365,"z":-0.0003144472138956189,"w":0.9556092023849487},"size":0.45718371868133547,"orthographic":false}