{"cameraMode":{"drawMode":0,"name":"Shaded","section":"Shading Mode"},"sceneLighting":false,"audioPlay":false,"sceneViewState":{"showFog":true,"showMaterialUpdate":false,"showSkybox":true,"showFlares":true,"showImageEffects":true,"showParticleSystems":true},"in2DMode":false,"pivot":{"x":-1.0111112594604493,"y":-12.120037078857422,"z":15.812442779541016},"rotation":{"x":-0.1238911896944046,"y":-0.09999287873506546,"z":0.012549074366688729,"w":-0.987165093421936},"size":0.6177524328231812,"orthographic":false}