{"cameraMode":{"drawMode":0,"name":"Shaded","section":"Shading Mode"},"sceneLighting":false,"audioPlay":false,"sceneViewState":{"showFog":true,"showMaterialUpdate":false,"showSkybox":true,"showFlares":true,"showImageEffects":true,"showParticleSystems":true},"in2DMode":false,"pivot":{"x":2.8299999237060549,"y":0.9950000047683716,"z":-0.13490000367164613},"rotation":{"x":0.06650596857070923,"y":-0.02138446643948555,"z":0.0014262564945966006,"w":0.9975558519363403},"size":0.14289432764053346,"orthographic":false}